国家保安,https://img9.doubanio.com/view/photo/s_ratio_poster/public/p1568293914.jpg,https://movie.douban.com/subject/1306805/
魔鬼末日,https://img3.doubanio.com/view/photo/s_ratio_poster/public/p2451449170.jpg,https://movie.douban.com/subject/1295955/
五路追杀令2：刺客舞会,https://img3.doubanio.com/view/photo/s_ratio_poster/public/p2242256765.jpg,https://movie.douban.com/subject/3287578/
海军陆战队员4,https://img1.doubanio.com/view/photo/s_ratio_poster/public/p2234379538.jpg,https://movie.douban.com/subject/26351660/
龙与地下城,https://img1.doubanio.com/view/photo/s_ratio_poster/public/p863144888.jpg,https://movie.douban.com/subject/1304645/
刺客学妹,https://img1.doubanio.com/view/photo/s_ratio_poster/public/p2258383398.jpg,https://movie.douban.com/subject/6873851/
迷局,https://img3.doubanio.com/view/photo/s_ratio_poster/public/p1210225783.jpg,https://movie.douban.com/subject/5910934/
迎春阁之风波,https://img3.doubanio.com/view/photo/s_ratio_poster/public/p2200936263.jpg,https://movie.douban.com/subject/1307898/
势不两立,https://img9.doubanio.com/view/photo/s_ratio_poster/public/p1899171406.jpg,https://movie.douban.com/subject/1292898/
无名英雄,https://img3.doubanio.com/view/photo/s_ratio_poster/public/p1053359570.jpg,https://movie.douban.com/subject/1298231/
墨西哥人,https://img1.doubanio.com/view/photo/s_ratio_poster/public/p1850913088.jpg,https://movie.douban.com/subject/1301888/
猩球征服,https://img1.doubanio.com/view/photo/s_ratio_poster/public/p1877205347.jpg,https://movie.douban.com/subject/1915382/
侦探拍档,https://img3.doubanio.com/view/photo/s_ratio_poster/public/p2326578755.jpg,https://movie.douban.com/subject/3569954/
省港旗兵3：逃出香港,https://img3.doubanio.com/view/photo/s_ratio_poster/public/p2224511143.jpg,https://movie.douban.com/subject/1786413/
死亡占卜,https://img3.doubanio.com/view/photo/s_ratio_poster/public/p2191628035.jpg,https://movie.douban.com/subject/3014399/
机动警察剧场版1,https://img9.doubanio.com/view/photo/s_ratio_poster/public/p1137689394.jpg,https://movie.douban.com/subject/1467778/
疤面人,https://img3.doubanio.com/view/photo/s_ratio_poster/public/p2196201162.jpg,https://movie.douban.com/subject/1299608/
野鹅敢死队,https://img3.doubanio.com/view/photo/s_ratio_poster/public/p2201840832.jpg,https://movie.douban.com/subject/1304730/
十三刺客,https://img3.doubanio.com/view/photo/s_ratio_poster/public/p656541463.jpg,https://movie.douban.com/subject/3726986/
