GALA,https://img1.doubanio.com/view/photo/s_ratio_poster/public/p2189926169.jpg,https://movie.douban.com/subject/5191239/
灰色：幻影扳机,https://img3.doubanio.com/view/photo/s_ratio_poster/public/p2551688391.jpg,https://movie.douban.com/subject/27085589/
钢铁侠与美国队长：英雄集结,https://img9.doubanio.com/view/photo/s_ratio_poster/public/p2193490904.jpg,https://movie.douban.com/subject/25942186/
巨星总动员,https://img9.doubanio.com/view/photo/s_ratio_poster/public/p2198583526.jpg,https://movie.douban.com/subject/1305779/
猥琐传说：大电影,https://img1.doubanio.com/view/photo/s_ratio_poster/public/p2152383937.jpg,https://movie.douban.com/subject/25738228/
黑之栖 CHRONUS,https://img3.doubanio.com/view/photo/s_ratio_poster/public/p2155856561.jpg,https://movie.douban.com/subject/24706487/
无限斯特拉托斯 Encore 渴望恋爱的六重奏,https://img3.doubanio.com/view/photo/s_ratio_poster/public/p2509358573.jpg,https://movie.douban.com/subject/6515653/
宇宙骑士 II,https://img1.doubanio.com/view/photo/s_ratio_poster/public/p947999288.jpg,https://movie.douban.com/subject/1779383/
金钻鼠王,https://img3.doubanio.com/view/subject/l/public/s2893933.jpg,https://movie.douban.com/subject/2988333/
七人魔法使OAD,https://img3.doubanio.com/view/photo/s_ratio_poster/public/p2235637685.jpg,https://movie.douban.com/subject/26253562/
皮卡丘的夏天·大桥·故事,https://img3.doubanio.com/view/photo/s_ratio_poster/public/p2388227292.jpg,https://movie.douban.com/subject/20277260/
火星需要妈妈,https://img1.doubanio.com/view/photo/s_ratio_poster/public/p675127837.jpg,https://movie.douban.com/subject/3264009/
老夫子动画大电影：反斗侦探,https://img9.doubanio.com/view/photo/s_ratio_poster/public/p2359428054.jpg,https://movie.douban.com/subject/1946075/
想要传达你的声音,https://img3.doubanio.com/view/photo/s_ratio_poster/public/p2453100062.jpg,https://movie.douban.com/subject/27003653/
圣诞星,https://img1.doubanio.com/view/photo/s_ratio_poster/public/p2507704509.jpg,https://movie.douban.com/subject/26363276/
新妹魔王的契约者 TV未放送 第13话,https://img3.doubanio.com/view/photo/s_ratio_poster/public/p2252207421.jpg,https://movie.douban.com/subject/26372990/
交响诗篇 超进化1,https://img1.doubanio.com/view/photo/s_ratio_poster/public/p2485906779.jpg,https://movie.douban.com/subject/26997971/
开心超人2：启源星之战,https://img3.doubanio.com/view/photo/s_ratio_poster/public/p2188128803.jpg,https://movie.douban.com/subject/25858762/
终极复仇者,https://img3.doubanio.com/view/photo/s_ratio_poster/public/p2178045993.jpg,https://movie.douban.com/subject/1774354/
怀特霍尔街上的长筒靴,https://img3.doubanio.com/view/photo/s_ratio_poster/public/p674153223.jpg,https://movie.douban.com/subject/2131676/
