我是车手,https://img9.doubanio.com/view/photo/s_ratio_poster/public/p2575155974.jpg,https://movie.douban.com/subject/34888735/?from=playing_poster
老嘎,https://img1.doubanio.com/view/photo/s_ratio_poster/public/p2575253687.jpg,https://movie.douban.com/subject/34901106/?from=playing_poster
指尖世界,https://img9.doubanio.com/view/photo/s_ratio_poster/public/p2577841366.jpg,https://movie.douban.com/subject/34918810/?from=playing_poster
美丽人生,https://img3.doubanio.com/view/photo/s_ratio_poster/public/p2578474613.jpg,https://movie.douban.com/subject/1292063/?from=playing_poster
变身特工,https://img3.doubanio.com/view/photo/s_ratio_poster/public/p2577340942.jpg,https://movie.douban.com/subject/27000084/?from=playing_poster
龙之谷,https://img3.doubanio.com/view/photo/s_ratio_poster/public/p2575693162.jpg,https://movie.douban.com/subject/11443316/?from=playing_poster
沂蒙之恋,https://img3.doubanio.com/view/photo/s_ratio_poster/public/p2578491482.jpg,https://movie.douban.com/subject/34912172/?from=playing_poster
野猪,https://img3.doubanio.com/view/photo/s_ratio_poster/public/p2577466852.jpg,https://movie.douban.com/subject/34893827/?from=playing_poster
别告诉她,https://img3.doubanio.com/view/photo/s_ratio_poster/public/p2578097413.jpg,https://movie.douban.com/subject/30390144/?from=playing_poster
为家而战,https://img3.doubanio.com/view/photo/s_ratio_poster/public/p2550332822.jpg,https://movie.douban.com/subject/26971054/?from=playing_poster
