女孩我最高,https://img1.doubanio.com/view/photo/s_ratio_poster/public/p2567511249.jpg,https://movie.douban.com/subject/33397766/
王牌大贱谍,https://img1.doubanio.com/view/photo/s_ratio_poster/public/p2252584609.jpg,https://movie.douban.com/subject/1292493/
中环英雄,https://img9.doubanio.com/view/photo/s_ratio_poster/public/p2564340184.jpg,https://movie.douban.com/subject/1297694/
天下第二,https://img3.doubanio.com/view/photo/s_ratio_poster/public/p1069531203.jpg,https://movie.douban.com/subject/2271640/
冬季浪漫故事,https://img3.doubanio.com/view/photo/s_ratio_poster/public/p2571802102.jpg,https://movie.douban.com/subject/6538867/
为你写诗,https://img3.doubanio.com/view/photo/s_ratio_poster/public/p2537681630.jpg,https://movie.douban.com/subject/27603669/
黄阿丽：小眼镜蛇,https://img3.doubanio.com/view/photo/s_ratio_poster/public/p2345580382.jpg,https://movie.douban.com/subject/26772763/
十一罗汉,https://img3.doubanio.com/view/photo/s_ratio_poster/public/p2171084340.jpg,https://movie.douban.com/subject/1306762/
有关时间旅行的热门问题,https://img9.doubanio.com/view/photo/s_ratio_poster/public/p1786322276.jpg,https://movie.douban.com/subject/2046839/
希望的另一面,https://img3.doubanio.com/view/photo/s_ratio_poster/public/p2409401871.jpg,https://movie.douban.com/subject/26678509/
反斗神鹰2,https://img1.doubanio.com/view/photo/s_ratio_poster/public/p2327819439.jpg,https://movie.douban.com/subject/1305309/
影子大亨,https://img3.doubanio.com/view/photo/s_ratio_poster/public/p2203787782.jpg,https://movie.douban.com/subject/1295227/
贝拉的奇幻花园,https://img9.doubanio.com/view/photo/s_ratio_poster/public/p2446464626.jpg,https://movie.douban.com/subject/26611806/
粉红豹,https://img9.doubanio.com/view/photo/s_ratio_poster/public/p1077616276.jpg,https://movie.douban.com/subject/1309047/
发胶,https://img1.doubanio.com/view/photo/s_ratio_poster/public/p874809078.jpg,https://movie.douban.com/subject/1946867/
杂家小子,https://img9.doubanio.com/view/photo/s_ratio_poster/public/p1957204006.jpg,https://movie.douban.com/subject/1304401/
歪小子斯科特对抗全世界,https://img1.doubanio.com/view/photo/s_ratio_poster/public/p605020568.jpg,https://movie.douban.com/subject/2158222/
公子多情,https://img3.doubanio.com/view/photo/s_ratio_poster/public/p2347616685.jpg,https://movie.douban.com/subject/1304813/
她的马拉松,https://img3.doubanio.com/view/photo/s_ratio_poster/public/p2558831461.jpg,https://movie.douban.com/subject/30257331/
