名侦探柯南特典：通往大阪什锦煎饼的艰险之路,https://img1.doubanio.com/view/photo/s_ratio_poster/public/p2509584809.jpg,https://movie.douban.com/subject/4824966/
不可告人,https://img3.doubanio.com/view/photo/s_ratio_poster/public/p753947235.jpg,https://movie.douban.com/subject/1917086/
命运化妆师,https://img9.doubanio.com/view/photo/s_ratio_poster/public/p1006796616.jpg,https://movie.douban.com/subject/5316733/
推理要在晚餐后 电影版,https://img9.doubanio.com/view/photo/s_ratio_poster/public/p1989955766.jpg,https://movie.douban.com/subject/10777783/
小镇怪客托马斯,https://img9.doubanio.com/view/photo/s_ratio_poster/public/p2125839056.jpg,https://movie.douban.com/subject/6082346/
惊变,https://img1.doubanio.com/view/photo/s_ratio_poster/public/p2459378208.jpg,https://movie.douban.com/subject/1299072/
梦宅诡影,https://img1.doubanio.com/view/photo/s_ratio_poster/public/p1199857657.jpg,https://movie.douban.com/subject/3818565/
伏妖白鱼镇2,https://img1.doubanio.com/view/photo/s_ratio_poster/public/p2540050647.jpg,https://movie.douban.com/subject/30380049/
秋喜,https://img1.doubanio.com/view/photo/s_ratio_poster/public/p2375014807.jpg,https://movie.douban.com/subject/3737117/
下水井,https://img1.doubanio.com/view/photo/s_ratio_poster/public/p2199057519.jpg,https://movie.douban.com/subject/25786057/
伦敦战场,https://img3.doubanio.com/view/photo/s_ratio_poster/public/p2171878843.jpg,https://movie.douban.com/subject/3179698/
不能犯,https://img3.doubanio.com/view/photo/s_ratio_poster/public/p2502941070.jpg,https://movie.douban.com/subject/26892831/
别有动机,https://img3.doubanio.com/view/photo/s_ratio_poster/public/p2266113283.jpg,https://movie.douban.com/subject/26005517/
葬礼之后,https://img1.doubanio.com/view/photo/s_ratio_poster/public/p2219837307.jpg,https://movie.douban.com/subject/1768214/
世界奇妙物语 06秋之特别篇,https://img3.doubanio.com/view/photo/s_ratio_poster/public/p1517948463.jpg,https://movie.douban.com/subject/2277409/
匿名者,https://img3.doubanio.com/view/photo/s_ratio_poster/public/p1627963083.jpg,https://movie.douban.com/subject/4074744/
无人生还,https://img9.doubanio.com/view/photo/s_ratio_poster/public/p1756910286.jpg,https://movie.douban.com/subject/1292588/
世界奇妙物语 2008秋之特别篇,https://img1.doubanio.com/view/photo/s_ratio_poster/public/p1517931287.jpg,https://movie.douban.com/subject/3201843/
异教徒,https://img3.doubanio.com/view/photo/s_ratio_poster/public/p1297560053.jpg,https://movie.douban.com/subject/1305611/
