战争公司,https://img3.doubanio.com/view/photo/s_ratio_poster/public/p2292508945.jpg,https://movie.douban.com/subject/2132510/
开拓者,https://img3.doubanio.com/view/photo/s_ratio_poster/public/p2232486715.jpg,https://movie.douban.com/subject/1790502/
猛鬼爱情故事,https://img3.doubanio.com/view/photo/s_ratio_poster/public/p2266586563.jpg,https://movie.douban.com/subject/6870692/
绝命盗窃,https://img3.doubanio.com/view/photo/s_ratio_poster/public/p2279062741.jpg,https://movie.douban.com/subject/25749872/
致命录像带3：病毒,https://img9.doubanio.com/view/photo/s_ratio_poster/public/p2183235654.jpg,https://movie.douban.com/subject/25885962/
死亡占卜,https://img3.doubanio.com/view/photo/s_ratio_poster/public/p2191628035.jpg,https://movie.douban.com/subject/3014399/
学园孤岛 真人版,https://img1.doubanio.com/view/photo/s_ratio_poster/public/p2539253088.jpg,https://movie.douban.com/subject/27205121/
电梯惊魂,https://img3.doubanio.com/view/photo/s_ratio_poster/public/p1862725282.jpg,https://movie.douban.com/subject/10773447/
贪吃树,https://img3.doubanio.com/view/photo/s_ratio_poster/public/p2492875852.jpg,https://movie.douban.com/subject/1301996/
百万美元酒店,https://img1.doubanio.com/view/photo/s_ratio_poster/public/p1369054338.jpg,https://movie.douban.com/subject/1296124/
盲女惊魂记,https://img9.doubanio.com/view/photo/s_ratio_poster/public/p1941926564.jpg,https://movie.douban.com/subject/1293571/
午夜惊情,https://img3.doubanio.com/view/photo/s_ratio_poster/public/p2209547282.jpg,https://movie.douban.com/subject/1295533/
新地群岛,https://img3.doubanio.com/view/photo/s_ratio_poster/public/p2182250941.jpg,https://movie.douban.com/subject/3102108/
不朽,https://img3.doubanio.com/view/photo/s_ratio_poster/public/p539195395.jpg,https://movie.douban.com/subject/3009168/
致命录像带2,https://img9.doubanio.com/view/photo/s_ratio_poster/public/p1950446394.jpg,https://movie.douban.com/subject/20451118/
为父寻仇,https://img3.doubanio.com/view/photo/s_ratio_poster/public/p1506028152.jpg,https://movie.douban.com/subject/3743063/
灵魂摆渡2番外篇：不速之客,https://img3.doubanio.com/view/photo/s_ratio_poster/public/p2416449561.jpg,https://movie.douban.com/subject/26961216/
变线人生,https://img3.doubanio.com/view/photo/s_ratio_poster/public/p1492006063.jpg,https://movie.douban.com/subject/1297881/
缺席,https://img3.doubanio.com/view/photo/s_ratio_poster/public/p1097522433.jpg,https://movie.douban.com/subject/5973058/
