误杀,https://img3.doubanio.com/view/photo/s_ratio_poster/public/p2576090251.jpg,https://movie.douban.com/subject/30176393/?from=playing_poster
半个喜剧,https://img3.doubanio.com/view/photo/s_ratio_poster/public/p2577327061.jpg,https://movie.douban.com/subject/30269016/?from=playing_poster
特警队,https://img3.doubanio.com/view/photo/s_ratio_poster/public/p2576871245.jpg,https://movie.douban.com/subject/30317706/?from=playing_poster
解放,https://img1.doubanio.com/view/photo/s_ratio_poster/public/p2576622878.jpg,https://movie.douban.com/subject/30454698/?from=playing_poster
叶问,https://img9.doubanio.com/view/photo/s_ratio_poster/public/p2577437186.jpg,https://movie.douban.com/subject/26885074/?from=playing_poster
只有芸知道,https://img3.doubanio.com/view/photo/s_ratio_poster/public/p2575158172.jpg,https://movie.douban.com/subject/33436135/?from=playing_poster
教授与疯子,https://img3.doubanio.com/view/photo/s_ratio_poster/public/p2577347230.jpg,https://movie.douban.com/subject/26848640/?from=playing_poster
星球大战,https://img1.doubanio.com/view/photo/s_ratio_poster/public/p2575456458.jpg,https://movie.douban.com/subject/22265687/?from=playing_poster
利刃破冰,https://img1.doubanio.com/view/photo/s_ratio_poster/public/p2578377787.jpg,https://movie.douban.com/subject/27596992/?from=playing_poster
宠爱,https://img3.doubanio.com/view/photo/s_ratio_poster/public/p2577327922.jpg,https://movie.douban.com/subject/33417046/?from=playing_poster
利刃出鞘,https://img1.doubanio.com/view/photo/s_ratio_poster/public/p2574172427.jpg,https://movie.douban.com/subject/30318116/?from=playing_poster
坂本龙一,https://img3.doubanio.com/view/photo/s_ratio_poster/public/p2575892083.jpg,https://movie.douban.com/subject/26984189/?from=playing_poster
罗宾汉,https://img3.doubanio.com/view/photo/s_ratio_poster/public/p2578485060.jpg,https://movie.douban.com/subject/26348846/?from=playing_poster
南方车站的聚会,https://img9.doubanio.com/view/photo/s_ratio_poster/public/p2574278284.jpg,https://movie.douban.com/subject/27668250/?from=playing_poster
被光抓走的人,https://img1.doubanio.com/view/photo/s_ratio_poster/public/p2575887979.jpg,https://movie.douban.com/subject/30394535/?from=playing_poster
唐顿庄园,https://img1.doubanio.com/view/photo/s_ratio_poster/public/p2575400017.jpg,https://movie.douban.com/subject/27002635/?from=playing_poster
星际探索,https://img1.doubanio.com/view/photo/s_ratio_poster/public/p2576088318.jpg,https://movie.douban.com/subject/24716039/?from=playing_poster
平原上的夏洛克,https://img3.doubanio.com/view/photo/s_ratio_poster/public/p2574198225.jpg,https://movie.douban.com/subject/33400376/?from=playing_poster
天使陷落,https://img3.doubanio.com/view/photo/s_ratio_poster/public/p2577608163.jpg,https://movie.douban.com/subject/26900949/?from=playing_poster
妙先生,https://img1.doubanio.com/view/photo/s_ratio_poster/public/p2574173527.jpg,https://movie.douban.com/subject/34888476/?from=playing_poster
亲爱的新年好,https://img3.doubanio.com/view/photo/s_ratio_poster/public/p2575133325.jpg,https://movie.douban.com/subject/34460763/?from=playing_poster
妈妈,https://img3.doubanio.com/view/photo/s_ratio_poster/public/p2575452973.jpg,https://movie.douban.com/subject/34800447/?from=playing_poster
小羊肖恩,https://img9.doubanio.com/view/photo/s_ratio_poster/public/p2576481506.jpg,https://movie.douban.com/subject/26628382/?from=playing_poster
周军的行走,https://img9.doubanio.com/view/photo/s_ratio_poster/public/p2559422996.jpg,https://movie.douban.com/subject/30338506/?from=playing_poster
勇敢者游戏,https://img3.doubanio.com/view/photo/s_ratio_poster/public/p2575911093.jpg,https://movie.douban.com/subject/30128985/?from=playing_poster
冰雪奇缘,https://img3.doubanio.com/view/photo/s_ratio_poster/public/p2572847101.jpg,https://movie.douban.com/subject/25887288/?from=playing_poster
两只老虎,https://img1.doubanio.com/view/photo/s_ratio_poster/public/p2574713609.jpg,https://movie.douban.com/subject/30196805/?from=playing_poster
天,https://img3.doubanio.com/view/photo/s_ratio_poster/public/p2576728533.jpg,https://movie.douban.com/subject/30357885/?from=playing_poster
若能与你共乘海浪之上,https://img9.doubanio.com/view/photo/s_ratio_poster/public/p2574029074.jpg,https://movie.douban.com/subject/30345226/?from=playing_poster
吹哨人,https://img3.doubanio.com/view/photo/s_ratio_poster/public/p2572746113.jpg,https://movie.douban.com/subject/30198715/?from=playing_poster
横财局中局,https://img3.doubanio.com/view/photo/s_ratio_poster/public/p2577589385.jpg,https://movie.douban.com/subject/25820616/?from=playing_poster
古窑迷踪,https://img3.doubanio.com/view/photo/s_ratio_poster/public/p2577342552.jpg,https://movie.douban.com/subject/33381471/?from=playing_poster
尼斯大冒险,https://img3.doubanio.com/view/photo/s_ratio_poster/public/p2578215772.jpg,https://movie.douban.com/subject/26765844/?from=playing_poster
站住,https://img9.doubanio.com/view/photo/s_ratio_poster/public/p2572230714.jpg,https://movie.douban.com/subject/27606821/?from=playing_poster
迪丽丽的奇幻巴黎,https://img1.doubanio.com/view/photo/s_ratio_poster/public/p2575736329.jpg,https://movie.douban.com/subject/26695000/?from=playing_poster
中国机长,https://img3.doubanio.com/view/photo/s_ratio_poster/public/p2568258113.jpg,https://movie.douban.com/subject/30295905/?from=playing_poster
惊涛迷局,https://img9.doubanio.com/view/photo/s_ratio_poster/public/p2577342316.jpg,https://movie.douban.com/subject/26970964/?from=playing_poster
我和我的祖国,https://img3.doubanio.com/view/photo/s_ratio_poster/public/p2567998580.jpg,https://movie.douban.com/subject/32659890/?from=playing_poster
决战中途岛,https://img3.doubanio.com/view/photo/s_ratio_poster/public/p2573582192.jpg,https://movie.douban.com/subject/26786669/?from=playing_poster
鹭世界,https://img1.doubanio.com/view/photo/s_ratio_poster/public/p2575308077.jpg,https://movie.douban.com/subject/34841224/?from=playing_poster
动物特工局,https://img1.doubanio.com/view/photo/s_ratio_poster/public/p2578377459.jpg,https://movie.douban.com/subject/30217371/?from=playing_poster
蓝色百褶裙,https://img3.doubanio.com/view/photo/s_ratio_poster/public/p2577809025.jpg,https://movie.douban.com/subject/34911987/?from=playing_poster
我为你牺牲,https://img9.doubanio.com/view/photo/s_ratio_poster/public/p2575155986.jpg,https://movie.douban.com/subject/34429008/?from=playing_poster
创客兄弟,https://img3.doubanio.com/view/photo/s_ratio_poster/public/p2576622660.jpg,https://movie.douban.com/subject/34793467/?from=playing_poster
终结者,https://img9.doubanio.com/view/photo/s_ratio_poster/public/p2571762536.jpg,https://movie.douban.com/subject/27109633/?from=playing_poster
大约在冬季,https://img3.doubanio.com/view/photo/s_ratio_poster/public/p2571441805.jpg,https://movie.douban.com/subject/30362186/?from=playing_poster
攀登者,https://img3.doubanio.com/view/photo/s_ratio_poster/public/p2568577681.jpg,https://movie.douban.com/subject/30413052/?from=playing_poster
乱世佳人,https://img3.doubanio.com/view/photo/s_ratio_poster/public/p1963126880.jpg,https://movie.douban.com/subject/1300267/?from=playing_poster
那时风华,https://img3.doubanio.com/view/photo/s_ratio_poster/public/p2575378911.jpg,https://movie.douban.com/subject/30488537/?from=playing_poster
九克拉战栗,https://img1.doubanio.com/view/photo/s_ratio_poster/public/p2553828138.jpg,https://movie.douban.com/subject/26989671/?from=playing_poster
煽疯点火,https://img1.doubanio.com/view/photo/s_ratio_poster/public/p2575886249.jpg,https://movie.douban.com/subject/34906654/?from=playing_poster
太空狗之月球大冒险,https://img3.doubanio.com/view/photo/s_ratio_poster/public/p2574878752.jpg,https://movie.douban.com/subject/26850048/?from=playing_poster
爱回家,https://img3.doubanio.com/view/photo/s_ratio_poster/public/p2578372672.jpg,https://movie.douban.com/subject/26928336/?from=playing_poster
冰峰暴,https://img3.doubanio.com/view/photo/s_ratio_poster/public/p2575134653.jpg,https://movie.douban.com/subject/27595272/?from=playing_poster
小森林,https://img1.doubanio.com/view/photo/s_ratio_poster/public/p2215147728.jpg,https://movie.douban.com/subject/25814707/?from=playing_poster
浴血反击,https://img1.doubanio.com/view/photo/s_ratio_poster/public/p2462118967.jpg,https://movie.douban.com/subject/27065625/?from=playing_poster
四百击,https://img1.doubanio.com/view/photo/s_ratio_poster/public/p2191743027.jpg,https://movie.douban.com/subject/1300056/?from=playing_poster
阿拉伯的劳伦斯,https://img3.doubanio.com/view/photo/s_ratio_poster/public/p1697190295.jpg,https://movie.douban.com/subject/1292349/?from=playing_poster
伦敦生活,https://img9.doubanio.com/view/photo/s_ratio_poster/public/p2575437114.jpg,https://movie.douban.com/subject/34795703/?from=playing_poster
乐在当下,https://img1.doubanio.com/view/photo/s_ratio_poster/public/p2573604768.jpg,https://movie.douban.com/subject/33459937/?from=playing_poster
锈与骨,https://img3.doubanio.com/view/photo/s_ratio_poster/public/p1766507291.jpg,https://movie.douban.com/subject/6843843/?from=playing_poster
为国而歌,https://img1.doubanio.com/view/photo/s_ratio_poster/public/p2569772108.jpg,https://movie.douban.com/subject/30384234/?from=playing_poster
太阳升起的时刻,https://img9.doubanio.com/view/photo/s_ratio_poster/public/p2571701544.jpg,https://movie.douban.com/subject/32493366/?from=playing_poster
冰山上的来客,https://img9.doubanio.com/view/photo/s_ratio_poster/public/p2572446706.jpg,https://movie.douban.com/subject/1422286/?from=playing_poster
德军占领的卢浮宫,https://img1.doubanio.com/view/photo/s_ratio_poster/public/p2323422569.jpg,https://movie.douban.com/subject/10491649/?from=playing_poster
尤三姐,https://img1.doubanio.com/view/photo/s_ratio_poster/public/p2327849197.jpg,https://movie.douban.com/subject/4097221/?from=playing_poster
血,https://img3.doubanio.com/view/photo/s_ratio_poster/public/p2466219452.jpg,https://movie.douban.com/subject/1307117/?from=playing_poster
