吹响悠风号 TV未放送回,https://img9.doubanio.com/view/photo/s_ratio_poster/public/p2296859646.jpg,https://movie.douban.com/subject/26616166/
飞出个未来大电影1：班德大行动,https://img9.doubanio.com/view/photo/s_ratio_poster/public/p2570008674.jpg,https://movie.douban.com/subject/1950233/
纯情罗曼史 OAD2,https://img3.doubanio.com/view/photo/s_ratio_poster/public/p2362840163.jpg,https://movie.douban.com/subject/26627746/
龙与虎OVA：便当的精髓,https://img1.doubanio.com/view/photo/s_ratio_poster/public/p2501070878.jpg,https://movie.douban.com/subject/7564986/
编织的女孩,https://img9.doubanio.com/view/photo/s_ratio_poster/public/p2248289396.jpg,https://movie.douban.com/subject/1295785/
奇异的恩典,https://img3.doubanio.com/view/photo/s_ratio_poster/public/p721368381.jpg,https://movie.douban.com/subject/1947282/
往日情怀,https://img3.doubanio.com/view/photo/s_ratio_poster/public/p1278821905.jpg,https://movie.douban.com/subject/1292466/
你还记得多莉·贝尔吗？,https://img1.doubanio.com/view/photo/s_ratio_poster/public/p1634821169.jpg,https://movie.douban.com/subject/1295068/
大狗民,https://img3.doubanio.com/view/photo/s_ratio_poster/public/p2392450852.jpg,https://movie.douban.com/subject/1805685/
爱很怪,https://img1.doubanio.com/view/photo/s_ratio_poster/public/p2242913537.jpg,https://movie.douban.com/subject/24706561/
报仇,https://img9.doubanio.com/view/photo/s_ratio_poster/public/p493110554.jpg,https://movie.douban.com/subject/1306890/
艾玛,https://img1.doubanio.com/view/photo/s_ratio_poster/public/p1035622248.jpg,https://movie.douban.com/subject/1440901/
东京少女,https://img3.doubanio.com/view/photo/s_ratio_poster/public/p816897412.jpg,https://movie.douban.com/subject/2330733/
曾经安静的男人,https://img3.doubanio.com/view/photo/s_ratio_poster/public/p1222894492.jpg,https://movie.douban.com/subject/1947056/
浮生若梦,https://img3.doubanio.com/view/photo/s_ratio_poster/public/p1805381740.jpg,https://movie.douban.com/subject/1300636/
名剑,https://img3.doubanio.com/view/photo/s_ratio_poster/public/p2239128423.jpg,https://movie.douban.com/subject/1419920/
情到深处,https://img1.doubanio.com/view/photo/s_ratio_poster/public/p1018417197.jpg,https://movie.douban.com/subject/1300529/
无须多言,https://img3.doubanio.com/view/photo/s_ratio_poster/public/p2172381720.jpg,https://movie.douban.com/subject/21332535/
苏姗娜的故事,https://img3.doubanio.com/view/photo/s_ratio_poster/public/p2202641383.jpg,https://movie.douban.com/subject/1293030/
爱‧作战,https://img3.doubanio.com/view/photo/s_ratio_poster/public/p2202743700.jpg,https://movie.douban.com/subject/1308862/
